FullName,City,Email,Age,Gender,Score
Theresa King,South Brittanyhaven,harveysonya@hotmail.com,56,Male,77
Sara Osborne,North Deborah,aprilmayo@yahoo.com,44,Male,63
Megan Phillips,Coxville,julian77@yahoo.com,26,Female,44
Sara Schneider,East Diane,rachelturner@yahoo.com,32,Female,91
Rachel Hubbard,East Sandrafurt,david61@smith.com,32,Female,73
Kimberly Noble,Williamsview,hughesmakayla@hotmail.com,43,Female,45
Joseph Castillo,Port Andrea,thomaseaton@yahoo.com,59,Male,61
Joyce Bailey,West Jamieview,scottwaters@hotmail.com,30,Female,50
Andrew Clark,Patriciahaven,benjaminvictor@yahoo.com,49,Male,87
Andrew Powell,New Stefanieton,plawrence@yahoo.com,56,Female,55
Susan Moyer,North Josemouth,hallpatricia@osborn-mullins.com,49,Male,72
Brittany Thomas,Joneston,cnorris@hart.com,21,Female,48
Andrew Brown,New Richard,jeffreyturner@hotmail.com,47,Female,99
Derek Carney,Lindafurt,zharper@hamilton.com,54,Female,98
Todd Harris,Stephanieview,hayslauren@yahoo.com,40,Female,45
Megan Hughes,Chenmouth,kcooper@contreras.com,56,Male,55
Francisco Ellis,Thomasburgh,davidwolf@fox.com,32,Female,68
Lisa Chang,Ashleyville,david58@daniels-pruitt.com,46,Male,42
Linda Rice,Gomezfurt,vasquezchad@rodriguez.com,53,Male,59
Jacqueline Sanders,Benjaminview,thomaschristopher@gmail.com,30,Male,99
David Gonzalez,Perkinschester,wjohnson@nelson.org,49,Male,98
Joshua Barnes,Port Davidport,brownalexander@gmail.com,24,Female,75
Zachary Keller,Richmondmouth,donnawilliams@bauer.com,39,Male,58
Gregory Riley,Robertstown,sneal@yahoo.com,45,Male,65
Michael Harrington,Travismouth,wolfejoseph@nichols.com,19,Male,42
Tina Ballard,Port Nicholas,michaeljennifer@alexander.org,59,Female,58
Sara Medina,Kathrynberg,pthompson@yahoo.com,23,Female,59
Caleb Juarez,Bonnieton,saundersmariah@yahoo.com,45,Female,71
Dawn Nelson,South Amyfort,smithstephen@yahoo.com,45,Female,46
Julie Burnett,North Timothyville,marshallmiranda@valenzuela-kirby.org,37,Male,91
Amanda Ortiz,Vincentside,wendy51@yahoo.com,47,Male,80
Leah Richardson,Margaretfurt,damon32@hotmail.com,28,Female,72
Jennifer Swanson,West Jessica,reginasaunders@hotmail.com,45,Male,79
Carl Carey,East Joan,pmccoy@rivas.com,42,Male,78
Anthony White,Hudsonchester,ewood@yahoo.com,56,Male,57
Samuel Wilcox,East Ronniefurt,rodriguezmelissa@gmail.com,50,Female,79
Christian Chase,New Markshire,nguyenrobert@gmail.com,18,Female,40
Isaiah Oliver,Corymouth,csmith@hernandez.com,44,Male,50
John Moreno,Saraport,jacqueline32@middleton.org,30,Female,67
Jonathan Peck,North Terri,vtorres@combs.com,58,Female,96
Cory Casey,North Alicialand,ojohnson@nash.org,20,Female,64
Crystal Hoffman,Port Robertstad,teresagriffin@hotmail.com,56,Female,89
Julia Hoover,Jeremychester,criddle@williams-norman.com,23,Female,62
Jonathan Knapp,Smithborough,caldwellkayla@gmail.com,25,Male,70
Crystal Stein,Lake Wesley,christopher30@murphy.com,44,Female,69
Andrew Neal,North Matthew,gary12@hudson.com,26,Male,81
Wendy Martin,West Paulahaven,kchandler@dougherty.biz,54,Male,74
Sandra Smith,Bondburgh,aaron04@yahoo.com,50,Female,46
Brittney Walker,West Cindyside,gerald41@gmail.com,59,Male,99
Emily Walker,Lawsonberg,ymedina@smith.biz,41,Male,55
