Name,City,Email,Age,Gender,Score
Michael,Masonside,mooreamy@macdonald.com,56,Male,64
Danny,Rickyport,wagnerrachel@miller.com,46,Female,46
Alexandria,Port Betty,manderson@hotmail.com,32,Female,48
Walter,East Jessicatown,lcaldwell@yahoo.com,25,Female,63
Caroline,Shannonhaven,fwebb@hotmail.com,38,Female,40
Douglas,New Michael,suttonchris@allen-jackson.net,56,Female,83
Todd,West Sandra,jessica28@hotmail.com,36,Female,47
Brian,Hannahfurt,tsmith@cole-garcia.biz,40,Female,63
Donald,Zhanghaven,williamssteven@gmail.com,28,Female,50
Brenda,Lake Brandon,zdorsey@mckay-roberson.com,28,Female,90
Jacob,Lewisberg,reginaldharper@bowman.com,41,Female,56
Theresa,Nguyenfurt,anthony50@hotmail.com,53,Female,47
Deborah,Davidbury,lee11@huynh-barrera.com,57,Male,74
Elizabeth,West Sheilaberg,ucombs@yahoo.com,41,Male,74
Melinda,Chadfort,justin39@hotmail.com,20,Female,72
Yolanda,Wattschester,garrisondebra@zuniga-williams.com,39,Female,98
Darren,New Maurice,jason31@cruz.com,19,Female,44
Steven,North Teresaville,smcgee@hotmail.com,41,Female,81
Lauren,Williamborough,ocruz@miller.biz,47,Female,78
Thomas,Farmerchester,amy53@gmail.com,55,Female,97
Darren,Goodmanmouth,juliecline@hodges.org,19,Female,80
Amanda,Daniellestad,pbrooks@yahoo.com,38,Female,67
Kathryn,East Christine,aaronhernandez@yahoo.com,50,Male,46
Shaun,South Tamaraton,krowe@gmail.com,29,Female,48
Gabrielle,Roweport,thumphrey@jones-davis.com,39,Male,47
Brian,Taylorshire,fleminggordon@jones.net,42,Female,51
Joseph,New Heathertown,kristin41@kennedy-salas.biz,44,Female,73
Michele,West Aaron,lucasavila@yahoo.com,59,Male,72
Joseph,South Travis,abrown@stevenson.org,45,Female,87
Tamara,Lake Ruben,ymiller@savage.info,33,Male,94
Kristin,Dustinmouth,michaelharrison@wilson-figueroa.org,32,Female,62
Angelica,East Kevin,sara33@hotmail.com,20,Female,63
John,West Bonnie,josephwest@lester.com,54,Male,76
Andrew,Port William,nicholevincent@hotmail.com,24,Female,74
Nicholas,Susanville,laurie39@kennedy-day.com,38,Male,83
Gina,Joefurt,carlos65@bennett-ross.info,26,Female,79
Amy,South Daniel,jessicawhite@spence.com,56,Male,61
Jason,Bowerston,jorgehiggins@bennett-adams.com,35,Male,66
Christian,Dariusborough,harrismary@yahoo.com,21,Female,74
Jennifer,Alexandermouth,otaylor@harper.com,42,Female,40
Ryan,Port Rachelfort,danielleesparza@anderson-santana.com,31,Male,74
Sara,Thompsonberg,bradleycole@arellano-lewis.info,26,Female,76
Dalton,Port Sherylton,ulee@johnson.com,43,Female,86
Timothy,Lake Micheal,anthonygay@jones-richard.biz,19,Female,53
Amanda,Michaelfurt,jennifer54@harper.info,37,Male,42
Janet,Hendrixbury,crystalmorton@soto.biz,45,Male,40
Catherine,Munozberg,smithdebra@wagner.com,24,Male,44
Michael,Walkertown,matthew03@yahoo.com,25,Male,65
Alexandra,Danielhaven,jaustin@gmail.com,52,Male,94
Caitlin,New Kristinebury,qstone@sheppard-mills.org,31,Male,53
